date,country,imports,exports,oil_price,usd_inr,gdp_india,gdp_country,trade_deficit,trade_deficit_next
2011-01,china,3914854963.814,1274883314.094,96.52,45.8380012512207,1.82,7.67,2639971649.7200003,2084112801.3190002
2011-01,russia,244650464.16,121299481.382,96.52,45.8380012512207,1.82,2.05,123350982.778,84178737.465
2011-01,usa,1654155567.028,2218181599.073,96.52,45.8380012512207,1.82,15.6,-564026032.0449998,-686751297.0660002
2011-02,china,3365377923.314,1281265121.995,103.72,45.25,1.82,7.67,2084112801.3190002,2087134700.748
2011-02,russia,224052679.789,139873942.324,103.72,45.25,1.82,2.05,84178737.465,-91386647.70700002
2011-02,usa,1608560199.735,2295311496.801,103.72,45.25,1.82,15.6,-686751297.0660002,-1657659923.3019998
2011-03,china,3131302847.541,1044168146.793,114.64,44.61000061035156,1.82,7.67,2087134700.748,2450621425.0759997
2011-03,russia,215818670.903,307205318.61,114.64,44.61000061035156,1.82,2.05,-91386647.70700002,144634671.265
2011-03,usa,1340220870.609,2997880793.911,114.64,44.61000061035156,1.82,15.6,-1657659923.3019998,-1005686752.1559999
2011-04,china,3374249990.166,923628565.09,123.26,44.29999923706055,1.82,7.67,2450621425.0759997,3995345104.403
2011-04,russia,265277846.403,120643175.138,123.26,44.29999923706055,1.82,2.05,144634671.265,215518223.52199998
2011-04,usa,1503760248.022,2509447000.178,123.26,44.29999923706055,1.82,15.6,-1005686752.1559999,-771504923.5100002
2011-05,china,4956227111.813,960882007.41,114.99,45.08300018310547,1.82,7.67,3995345104.403,3699191829.825
2011-05,russia,344913905.459,129395681.937,114.99,45.08300018310547,1.82,2.05,215518223.52199998,214728608.922
2011-05,usa,2207474566.712,2978979490.222,114.99,45.08300018310547,1.82,15.6,-771504923.5100002,-594112280.119
2011-06,china,4608294247.452,909102417.627,113.83,44.7599983215332,1.82,7.67,3699191829.825,3523588068.917
2011-06,russia,367603236.394,152874627.472,113.83,44.7599983215332,1.82,2.05,214728608.922,157212773.57
2011-06,usa,2163040179.818,2757152459.937,113.83,44.7599983215332,1.82,15.6,-594112280.119,-1689131596.5279999
2011-07,china,4674630190.485,1151042121.568,116.97,44.0099983215332,1.82,7.67,3523588068.917,2711201745.0889997
2011-07,russia,307452641.801,150239868.231,116.97,44.0099983215332,1.82,2.05,157212773.57,168961795.68300003
2011-07,usa,1989467832.625,3678599429.153,116.97,44.0099983215332,1.82,15.6,-1689131596.5279999,-462447053.01399994
2011-08,china,4992247510.072,2281045764.983,110.22,45.939998626708984,1.82,7.67,2711201745.0889997,3228179353.5769997
2011-08,russia,314187267.382,145225471.699,110.22,45.939998626708984,1.82,2.05,168961795.68300003,209071760.93199998
2011-08,usa,2246591722.392,2709038775.406,110.22,45.939998626708984,1.82,15.6,-462447053.01399994,-842433119.6510003
2011-09,china,4955599051.742,1727419698.165,112.83,48.86000061035156,1.82,7.67,3228179353.5769997,3772285469.718
2011-09,russia,363118940.247,154047179.315,112.83,48.86000061035156,1.82,2.05,209071760.93199998,333815131.693
2011-09,usa,1883217538.991,2725650658.642,112.83,48.86000061035156,1.82,15.6,-842433119.6510003,-1055971097.882
2011-10,china,5154880983.573,1382595513.855,109.55,48.62799835205078,1.82,7.67,3772285469.718,3006178765.675
2011-10,russia,476992906.916,143177775.223,109.55,48.62799835205078,1.82,2.05,333815131.693,239817595.563
2011-10,usa,1781050142.988,2837021240.87,109.55,48.62799835205078,1.82,15.6,-1055971097.882,-302517354.352
2011-11,china,4873038974.764,1866860209.089,110.77,51.90299987792969,1.82,7.67,3006178765.675,3594544259.1969995
2011-11,russia,418185503.018,178367907.455,110.77,51.90299987792969,1.82,2.05,239817595.563,422667703.66700006
2011-11,usa,2146759210.602,2449276564.954,110.77,51.90299987792969,1.82,15.6,-302517354.352,-859581172.7159998
2011-12,china,5337839667.929,1743295408.732,107.87,53.0,1.82,7.67,3594544259.1969995,2508974808.9629993
2011-12,russia,572626458.519,149958754.852,107.87,53.0,1.82,2.05,422667703.66700006,267657437.74800003
2011-12,usa,2089984221.082,2949565393.798,107.87,53.0,1.82,15.6,-859581172.7159998,-982381654.823
2012-01,china,4514772334.532,2005797525.569,110.69,52.49300003051758,1.83,8.67,2508974808.9629993,2343996822.842
2012-01,russia,411961437.253,144303999.505,110.69,52.49300003051758,1.83,2.21,267657437.74800003,419570310.9380001
2012-01,usa,1990402415.093,2972784069.916,110.69,52.49300003051758,1.83,16.25,-982381654.823,-1088066979.998
2012-02,china,4069331176.135,1725334353.293,119.33,49.06800079345703,1.83,8.67,2343996822.842,2594008631.434
2012-02,russia,567886796.608,148316485.67,119.33,49.06800079345703,1.83,2.21,419570310.9380001,177138906.89400002
2012-02,usa,1800487194.313,2888554174.311,119.33,49.06800079345703,1.83,16.25,-1088066979.998,-1523152343.713
2012-03,china,3994226618.667,1400217987.233,125.45,50.86800003051758,1.83,8.67,2594008631.434,2748443726.7279997
2012-03,russia,338931535.957,161792629.063,125.45,50.86800003051758,1.83,2.21,177138906.89400002,209235526.27899998
2012-03,usa,1870284064.537,3393436408.25,125.45,50.86800003051758,1.83,16.25,-1523152343.713,-1375668306.1869998
2012-04,china,4153900154.672,1405456427.944,119.75,52.53799819946289,1.83,8.67,2748443726.7279997,3192055657.721
2012-04,russia,380129501.269,170893974.99,119.75,52.53799819946289,1.83,2.21,209235526.27899998,215919578.111
2012-04,usa,1676321970.256,3051990276.443,119.75,52.53799819946289,1.83,16.25,-1375668306.1869998,-1034889162.3050003
2012-05,china,4591290111.748,1399234454.027,110.34,56.22800064086914,1.83,8.67,3192055657.721,3358895257.342
2012-05,russia,433387449.786,217467871.675,110.34,56.22800064086914,1.83,2.21,215919578.111,165653374.38200003
2012-05,usa,2398626456.034,3433515618.339,110.34,56.22800064086914,1.83,16.25,-1034889162.3050003,-1156475949.763
2012-06,china,4369168357.649,1010273100.307,95.16,55.50299835205078,1.83,8.67,3358895257.342,3546175228.804
2012-06,russia,337379133.985,171725759.603,95.16,55.50299835205078,1.83,2.21,165653374.38200003,116162495.60499999
2012-06,usa,2036584873.072,3193060822.835,95.16,55.50299835205078,1.83,16.25,-1156475949.763,-782240014.3429999
2012-07,china,4472877944.242,926702715.438,102.62,55.42300033569336,1.83,8.67,3546175228.804,3596839690.9530005
2012-07,russia,297020923.321,180858427.716,102.62,55.42300033569336,1.83,2.21,116162495.60499999,176430466.58900002
2012-07,usa,2311873041.794,3094113056.137,102.62,55.42300033569336,1.83,16.25,-782240014.3429999,-666281359.4719996
2012-08,china,4528550816.06,931711125.107,113.36,55.62799835205078,1.83,8.67,3596839690.9530005,3979044283.814
2012-08,russia,381756725.911,205326259.322,113.36,55.62799835205078,1.83,2.21,176430466.58900002,325799399.341
2012-08,usa,2271747638.01,2938028997.482,113.36,55.62799835205078,1.83,16.25,-666281359.4719996,-868560038.0360003
2012-09,china,4773235536.087,794191252.273,112.86,52.847999572753906,1.83,8.67,3979044283.814,3505220917.123
2012-09,russia,501692625.438,175893226.097,112.86,52.847999572753906,1.83,2.21,325799399.341,211553091.563
2012-09,usa,2123192087.474,2991752125.51,112.86,52.847999572753906,1.83,16.25,-868560038.0360003,-328424290.5340004
2012-10,china,4382844870.211,877623953.088,111.71,53.95800018310547,1.83,8.67,3505220917.123,3061741788.674
2012-10,russia,383465196.884,171912105.321,111.71,53.95800018310547,1.83,2.21,211553091.563,183425302.086
2012-10,usa,2522414330.7,2850838621.234,111.71,53.95800018310547,1.83,16.25,-328424290.5340004,-476201645.4449997
2012-11,china,4125227763.246,1063485974.572,109.06,54.8380012512207,1.83,8.67,3061741788.674,2885417651.475
2012-11,russia,346761657.393,163336355.307,109.06,54.8380012512207,1.83,2.21,183425302.086,159873326.36499998
2012-11,usa,2164368029.005,2640569674.45,109.06,54.8380012512207,1.83,16.25,-476201645.4449997,-774977007.2670002
2012-12,china,4224684853.154,1339267201.679,109.49,54.75299835205078,1.83,8.67,2885417651.475,3040914916.0580006
2012-12,russia,373922262.562,214048936.197,109.49,54.75299835205078,1.83,2.21,159873326.36499998,105583914.27600002
2012-12,usa,1918422600.343,2693399607.61,109.49,54.75299835205078,1.83,16.25,-774977007.2670002,-989855768.3109999
2013-01,china,4396980221.562,1356065305.504,112.96,53.303001403808594,1.86,9.74,3040914916.0580006,2769391656.804
2013-01,russia,287142723.234,181558808.958,112.96,53.303001403808594,1.86,2.29,105583914.27600002,-26534417.29699999
2013-01,usa,1921320518.212,2911176286.523,112.96,53.303001403808594,1.86,16.84,-989855768.3109999,-1152107403.4839997
2013-02,china,4030375901.001,1260984244.197,116.05,53.858001708984375,1.86,9.74,2769391656.804,3030144588.435
2013-02,russia,206964156.759,233498574.056,116.05,53.858001708984375,1.86,2.29,-26534417.29699999,92825755.33399999
2013-02,usa,1881728274.578,3033835678.062,116.05,53.858001708984375,1.86,16.84,-1152107403.4839997,-1429273842.7210002
2013-03,china,4200423731.94,1170279143.505,108.47,54.27799987792969,1.86,9.74,3030144588.435,2972560034.1499996
2013-03,russia,302041572.663,209215817.329,108.47,54.27799987792969,1.86,2.29,92825755.33399999,88698831.83199999
2013-03,usa,2002253750.685,3431527593.406,108.47,54.27799987792969,1.86,16.84,-1429273842.7210002,-1170690811.368
2013-04,china,3761951710.377,789391676.227,102.25,54.22800064086914,1.86,9.74,2972560034.1499996,3419385043.555
2013-04,russia,258879926.736,170181094.904,102.25,54.22800064086914,1.86,2.29,88698831.83199999,84192880.949
2013-04,usa,1977776135.138,3148466946.506,102.25,54.22800064086914,1.86,16.84,-1170690811.368,-1947256274.1130002
2013-05,china,4242927669.648,823542626.093,102.56,56.37799835205078,1.86,9.74,3419385043.555,3296428636.0870004
2013-05,russia,260044251.051,175851370.102,102.56,56.37799835205078,1.86,2.29,84192880.949,247841897.80699998
2013-05,usa,1860844013.667,3808100287.78,102.56,56.37799835205078,1.86,16.84,-1947256274.1130002,-991648225.405
2013-06,china,4121696468.78,825267832.693,102.92,59.5260009765625,1.86,9.74,3296428636.0870004,3515887793.325
2013-06,russia,432025104.63,184183206.823,102.92,59.5260009765625,1.86,2.29,247841897.80699998,208046905.74400002
2013-06,usa,2057291081.615,3048939307.02,102.92,59.5260009765625,1.86,16.84,-991648225.405,-748276061.2490001
2013-07,china,4410186149.332,894298356.007,107.93,60.80799865722656,1.86,9.74,3515887793.325,3880718194.7980003
2013-07,russia,391826455.972,183779550.228,107.93,60.80799865722656,1.86,2.29,208046905.74400002,68091811.099
2013-07,usa,2497853575.798,3246129637.047,107.93,60.80799865722656,1.86,16.84,-748276061.2490001,-1628677822.375
2013-08,china,4945585453.793,1064867258.995,111.28,65.697998046875,1.86,9.74,3880718194.7980003,3004345395.13
2013-08,russia,250867265.594,182775454.495,111.28,65.697998046875,1.86,2.29,68091811.099,134214005.70799997
2013-08,usa,1834720270.934,3463398093.309,111.28,65.697998046875,1.86,16.84,-1628677822.375,-1687251274.955
2013-09,china,4292705714.673,1288360319.543,111.6,62.90999984741211,1.86,9.74,3004345395.13,3308959975.8050003
2013-09,russia,310003915.103,175789909.395,111.6,62.90999984741211,1.86,2.29,134214005.70799997,174117887.98699996
2013-09,usa,1612655909.008,3299907183.963,111.6,62.90999984741211,1.86,16.84,-1687251274.955,-1616559489.464
2013-10,china,4790702149.56,1481742173.755,109.08,61.31999969482422,1.86,9.74,3308959975.8050003,2219448287.89
2013-10,russia,330965414.553,156847526.566,109.08,61.31999969482422,1.86,2.29,174117887.98699996,133101030.63500002
2013-10,usa,1785041575.261,3401601064.725,109.08,61.31999969482422,1.86,16.84,-1616559489.464,-1335784816.9959998
2013-11,china,3963775025.258,1744326737.368,107.79,62.391998291015625,1.86,9.74,2219448287.89,2377645667.792
2013-11,russia,272960941.026,139859910.391,107.79,62.391998291015625,1.86,2.29,133101030.63500002,259238442.742
2013-11,usa,1573865415.551,2909650232.547,107.79,62.391998291015625,1.86,16.84,-1335784816.9959998,-1492992566.5069997
2013-12,china,4134420193.534,1756774525.742,110.76,61.779998779296875,1.86,9.74,2377645667.792,2990900937.368
2013-12,russia,470897293.165,211658850.423,110.76,61.779998779296875,1.86,2.29,259238442.742,113110812.52800003
2013-12,usa,1569408278.667,3062400845.174,110.76,61.779998779296875,1.86,16.84,-1492992566.5069997,-1671973860.5019999
2014-01,china,4656349184.535,1665448247.167,108.12,62.310001373291016,2.04,10.67,2990900937.368,2616124182.447
2014-01,russia,301266854.04,188156041.512,108.12,62.310001373291016,2.04,2.06,113110812.52800003,169919487.19000003
2014-01,usa,1552995823.79,3224969684.292,108.12,62.310001373291016,2.04,17.55,-1671973860.5019999,-1477640911.0700002
2014-02,china,3754994631.676,1138870449.229,108.9,62.02000045776367,2.04,10.67,2616124182.447,2552584259.582
2014-02,russia,328062415.211,158142928.021,108.9,62.02000045776367,2.04,2.06,169919487.19000003,66736938.741999984
2014-02,usa,1525756708.618,3003397619.688,108.9,62.02000045776367,2.04,17.55,-1477640911.0700002,-2111429942.3489997
2014-03,china,3840421389.799,1287837130.217,107.48,59.84000015258789,2.04,10.67,2552584259.582,3110955618.108
2014-03,russia,280954943.905,214218005.163,107.48,59.84000015258789,2.04,2.06,66736938.741999984,275686151.553
2014-03,usa,1611469190.996,3722899133.345,107.48,59.84000015258789,2.04,17.55,-2111429942.3489997,-1982305556.405
2014-04,china,4248945668.561,1137990050.453,107.76,60.417999267578125,2.04,10.67,3110955618.108,4003585063.0049996
2014-04,russia,454265018.858,178578867.305,107.76,60.417999267578125,2.04,2.06,275686151.553,307304540.839
2014-04,usa,1514850221.858,3497155778.263,107.76,60.417999267578125,2.04,17.55,-1982305556.405,-2125391702.0329998
2014-05,china,4987959382.796,984374319.791,109.54,58.900001525878906,2.04,10.67,4003585063.0049996,3678721261.372
2014-05,russia,477562480.092,170257939.253,109.54,58.900001525878906,2.04,2.06,307304540.839,199568334.54
2014-05,usa,1577904899.226,3703296601.259,109.54,58.900001525878906,2.04,17.55,-2125391702.0329998,-1227246985.8669996
2014-06,china,4518888532.102,840167270.73,111.8,60.03799819946289,2.04,10.67,3678721261.372,4050797285.5620003
2014-06,russia,364501527.015,164933192.475,111.8,60.03799819946289,2.04,2.06,199568334.54,125896711.74899998
2014-06,usa,2155052701.452,3382299687.319,111.8,60.03799819946289,2.04,17.55,-1227246985.8669996,-2025946631.3939998
2014-07,china,4919958013.67,869160728.108,106.77,60.25,2.04,10.67,4050797285.5620003,4437688677.907
2014-07,russia,343455301.15,217558589.401,106.77,60.25,2.04,2.06,125896711.74899998,150085587.07999998
2014-07,usa,1797516073.345,3823462704.739,106.77,60.25,2.04,17.55,-2025946631.3939998,-2221415137.8169994
2014-08,china,5414868396.54,977179718.633,101.61,60.51300048828125,2.04,10.67,4437688677.907,4636541656.352
2014-08,russia,339910591.991,189825004.911,101.61,60.51300048828125,2.04,2.06,150085587.07999998,207585852.36200002
2014-08,usa,1603721696.357,3825136834.174,101.61,60.51300048828125,2.04,17.55,-2221415137.8169994,-1738081108.4229999
2014-09,china,5559813511.614,923271855.262,97.09,61.553001403808594,2.04,10.67,4636541656.352,4252048961.674
2014-09,russia,371222909.453,163637057.091,97.09,61.553001403808594,2.04,2.06,207585852.36200002,219518714.94199997
2014-09,usa,1978763866.894,3716844975.317,97.09,61.553001403808594,2.04,17.55,-1738081108.4229999,-1842162742.5080001
2014-10,china,5224324864.655,972275902.981,87.43,61.43299865722656,2.04,10.67,4252048961.674,4255776823.7760005
2014-10,russia,382652402.205,163133687.263,87.43,61.43299865722656,2.04,2.06,219518714.94199997,169925694.66700003
2014-10,usa,1880240220.305,3722402962.813,87.43,61.43299865722656,2.04,17.55,-1842162742.5080001,-1123199719.908
2014-11,china,5474554634.02,1218777810.244,79.44,61.85300064086914,2.04,10.67,4255776823.7760005,4400656518.712
2014-11,russia,320404128.707,150478434.04,79.44,61.85300064086914,2.04,2.06,169925694.66700003,-1482720.6589999795
2014-11,usa,2223082549.842,3346282269.75,79.44,61.85300064086914,2.04,17.55,-1123199719.908,-1550469430.626
2014-12,china,5665806966.116,1265150447.404,62.34,63.37799835205078,2.04,10.67,4400656518.712,3991790527.8749995
2014-12,russia,256136216.448,257618937.107,62.34,63.37799835205078,2.04,2.06,-1482720.6589999795,219826284.533
2014-12,usa,1968447855.263,3518917285.889,62.34,63.37799835205078,2.04,17.55,-1550469430.626,-1828824553.993
2015-01,china,4871969795.209,880179267.334,47.76,62.01300048828125,2.1,11.28,3991790527.8749995,4048481255.988
2015-01,russia,342032709.631,122206425.098,47.76,62.01300048828125,2.1,1.36,219826284.533,83103905.49000001
2015-01,usa,1568276022.264,3397100576.257,47.76,62.01300048828125,2.1,18.21,-1828824553.993,-1595386281.6839998
2015-02,china,4916812980.438,868331724.45,58.1,61.75400161743164,2.1,11.28,4048481255.988,3619371989.434
2015-02,russia,198342500.182,115238594.692,58.1,61.75400161743164,2.1,1.36,83103905.49000001,193809738.28300002
2015-02,usa,1560940859.055,3156327140.739,58.1,61.75400161743164,2.1,18.21,-1595386281.6839998,-1713939058.616
2015-03,china,4599788545.727,980416556.293,55.89,62.50899887084961,2.1,11.28,3619371989.434,4155109259.052
2015-03,russia,396807233.767,202997495.484,55.89,62.50899887084961,2.1,1.36,193809738.28300002,231447887.51599997
2015-03,usa,1788461461.056,3502400519.672,55.89,62.50899887084961,2.1,18.21,-1713939058.616,-1715305767.5290003
2015-04,china,4982747614.061,827638355.009,59.52,63.44200134277344,2.1,11.28,4155109259.052,3895868597.5130005
2015-04,russia,350450424.178,119002536.662,59.52,63.44200134277344,2.1,1.36,231447887.51599997,278871139.582
2015-04,usa,1646185229.922,3361490997.451,59.52,63.44200134277344,2.1,18.21,-1715305767.5290003,-2053838330.01
2015-05,china,4699343812.701,803475215.188,64.08,63.82500076293945,2.1,11.28,3895868597.5130005,4272189143.5509996
2015-05,russia,388001539.802,109130400.22,64.08,63.82500076293945,2.1,1.36,278871139.582,365550598.048
2015-05,usa,1660352591.371,3714190921.381,64.08,63.82500076293945,2.1,18.21,-2053838330.01,-1340563064.4449997
2015-06,china,5019739122.907,747549979.356,61.48,63.7239990234375,2.1,11.28,4272189143.5509996,4525998039.931001
2015-06,russia,494806418.175,129255820.127,61.48,63.7239990234375,2.1,1.36,365550598.048,279825494.602
2015-06,usa,1844775837.203,3185338901.648,61.48,63.7239990234375,2.1,18.21,-1340563064.4449997,-1966156668.609
2015-07,china,5193090099.185,667092059.254,56.56,64.11799621582031,2.1,11.28,4525998039.931001,4703307516.306
2015-07,russia,410604291.857,130778797.255,56.56,64.11799621582031,2.1,1.36,279825494.602,244569105.73000002
2015-07,usa,1734905343.478,3701062012.087,56.56,64.11799621582031,2.1,18.21,-1966156668.609,-1650259391.76
2015-08,china,5448611873.568,745304357.262,46.52,66.14299774169922,2.1,11.28,4703307516.306,5366359314.280001
2015-08,russia,366370842.324,121801736.594,46.52,66.14299774169922,2.1,1.36,244569105.73000002,275871845.645
2015-08,usa,1757934413.208,3408193804.968,46.52,66.14299774169922,2.1,18.21,-1650259391.76,-1495014424.662
2015-09,china,6158161892.932,791802578.652,47.62,65.91999816894531,2.1,11.28,5366359314.280001,4665350045.846001
2015-09,russia,423411023.676,147539178.031,47.62,65.91999816894531,2.1,1.36,275871845.645,179853211.964
2015-09,usa,1795272385.129,3290286809.791,47.62,65.91999816894531,2.1,18.21,-1495014424.662,-1730229404.54
2015-10,china,5367967856.55,702617810.704,48.43,65.44400024414062,2.1,11.28,4665350045.846001,4017198895.9810004
2015-10,russia,320334908.121,140481696.157,48.43,65.44400024414062,2.1,1.36,179853211.964,230324143.65900004
2015-10,usa,1731590544.788,3461819949.328,48.43,65.44400024414062,2.1,18.21,-1730229404.54,-1310793939.7619998
2015-11,china,4780163037.166,762964141.185,44.27,66.9000015258789,2.1,11.28,4017198895.9810004,4604296404.644
2015-11,russia,350700249.086,120376105.427,44.27,66.9000015258789,2.1,1.36,230324143.65900004,318750508.992
2015-11,usa,1554301117.017,2865095056.779,44.27,66.9000015258789,2.1,18.21,-1310793939.7619998,-1389124291.6420002
2015-12,china,5378788554.228,774492149.584,38.01,66.45500183105469,2.1,11.28,4604296404.644,4520676049.556
2015-12,russia,466977440.134,148226931.142,38.01,66.45500183105469,2.1,1.36,318750508.992,101948593.338
2015-12,usa,1773694713.573,3162819005.215,38.01,66.45500183105469,2.1,18.21,-1389124291.6420002,-1828562010.557
2016-01,china,5110311444.349,589635394.793,30.7,68.09300231933594,2.29,11.46,4520676049.556,4451474787.374
2016-01,russia,236615919.094,134667325.756,30.7,68.09300231933594,2.29,1.28,101948593.338,251783690.755
2016-01,usa,1638411268.311,3466973278.868,30.7,68.09300231933594,2.29,18.7,-1828562010.557,-671816565.408
2016-02,china,5103678222.9,652203435.526,32.18,68.7300033569336,2.29,11.46,4451474787.374,4008454680.0490003
2016-02,russia,384746041.282,132962350.527,32.18,68.7300033569336,2.29,1.28,251783690.755,227492155.59100002
2016-02,usa,2513072237.854,3184888803.262,32.18,68.7300033569336,2.29,18.7,-671816565.408,-2051692859.298
2016-03,china,4790287517.142,781832837.093,38.21,66.36799621582031,2.29,11.46,4008454680.0490003,2880826113.585
2016-03,russia,381398766.916,153906611.325,38.21,66.36799621582031,2.29,1.28,227492155.59100002,377289234.847
2016-03,usa,1441395174.629,3493088033.927,38.21,66.36799621582031,2.29,18.7,-2051692859.298,-2049173774.9129999
2016-04,china,3552264275.768,671438162.183,41.58,66.41799926757812,2.29,11.46,2880826113.585,3878133655.2230005
2016-04,russia,511027886.635,133738651.788,41.58,66.41799926757812,2.29,1.28,377289234.847,150936574.484
2016-04,usa,1210528787.786,3259702562.699,41.58,66.41799926757812,2.29,18.7,-2049173774.9129999,-2108243809.806
2016-05,china,4611318682.319,733185027.096,46.74,67.13300323486328,2.29,11.46,3878133655.2230005,4674543533.684
2016-05,russia,367168555.551,216231981.067,46.74,67.13300323486328,2.29,1.28,150936574.484,187115769.46400002
2016-05,usa,1477628985.327,3585872795.133,46.74,67.13300323486328,2.29,18.7,-2108243809.806,-1926390171.128
2016-06,china,5312202710.876,637659177.192,48.25,67.41600036621094,2.29,11.46,4674543533.684,4398352199.534
2016-06,russia,348473979.341,161358209.877,48.25,67.41600036621094,2.29,1.28,187115769.46400002,265292114.673
2016-06,usa,1469696563.022,3396086734.15,48.25,67.41600036621094,2.29,18.7,-1926390171.128,-1902913783.493
2016-07,china,4998311163.949,599958964.415,44.95,66.64800262451172,2.29,11.46,4398352199.534,4791625474.252
2016-07,russia,400569489.875,135277375.202,44.95,66.64800262451172,2.29,1.28,265292114.673,187720814.231
2016-07,usa,1798522157.856,3701435941.349,44.95,66.64800262451172,2.29,18.7,-1902913783.493,-2061439683.1539998
2016-08,china,5357934707.283,566309233.031,45.84,67.12660217285156,2.29,11.46,4791625474.252,4587777963.966
2016-08,russia,319284730.265,131563916.034,45.84,67.12660217285156,2.29,1.28,187720814.231,268788504.403
2016-08,usa,1526948640.841,3588388323.995,45.84,67.12660217285156,2.29,18.7,-2061439683.1539998,-1811121110.2339997
2016-09,china,5337166516.823,749388552.857,46.57,66.81629943847656,2.29,11.46,4587777963.966,4957029071.846001
2016-09,russia,423921579.403,155133075.0,46.57,66.81629943847656,2.29,1.28,268788504.403,415850709.75899994
2016-09,usa,1793968754.571,3605089864.805,46.57,66.81629943847656,2.29,18.7,-1811121110.2339997,-2338697909.408
2016-10,china,5658225297.734,701196225.888,49.52,66.78140258789062,2.29,11.46,4957029071.846001,3746139528.5959997
2016-10,russia,567628161.02,151777451.261,49.52,66.78140258789062,2.29,1.28,415850709.75899994,295315586.793
2016-10,usa,1931930747.385,4270628656.793,49.52,66.78140258789062,2.29,18.7,-2338697909.408,-1309883283.737
2016-11,china,4814557369.532,1068417840.936,44.73,68.60800170898438,2.29,11.46,3746139528.5959997,4664480089.301001
2016-11,russia,433850393.997,138534807.204,44.73,68.60800170898438,2.29,1.28,295315586.793,240987409.503
2016-11,usa,1657716633.85,2967599917.587,44.73,68.60800170898438,2.29,18.7,-1309883283.737,-1568274805.1769998
2016-12,china,5823814366.548,1159334277.247,53.31,67.9448013305664,2.29,11.46,4664480089.301001,4185457993.8519998
2016-12,russia,410029908.449,169042498.946,53.31,67.9448013305664,2.29,1.28,240987409.503,248494308.04900002
2016-12,usa,1917972627.556,3486247432.733,53.31,67.9448013305664,2.29,18.7,-1568274805.1769998,-1887274130.2529998
2017-01,china,5210011432.219,1024553438.367,54.58,67.82099914550781,2.65,12.54,4185457993.8519998,3764183493.513
2017-01,russia,391624435.123,143130127.074,54.58,67.82099914550781,2.65,1.57,248494308.04900002,382975028.451
2017-01,usa,1484352721.005,3371626851.258,54.58,67.82099914550781,2.65,19.48,-1887274130.2529998,-1557368346.356
2017-02,china,4753702997.179,989519503.666,54.87,66.69319915771484,2.65,12.54,3764183493.513,4448412352.297
2017-02,russia,556155920.008,173180891.557,54.87,66.69319915771484,2.65,1.57,382975028.451,601411400.8479999
2017-02,usa,1745542061.197,3302910407.553,54.87,66.69319915771484,2.65,19.48,-1557368346.356,-2035799479.969
2017-03,china,5663291651.149,1214879298.852,51.59,64.79000091552734,2.65,12.54,4448412352.297,4925804291.4800005
2017-03,russia,817161155.986,215749755.138,51.59,64.79000091552734,2.65,1.57,601411400.8479999,520831655.074
2017-03,usa,1959349883.768,3995149363.737,51.59,64.79000091552734,2.65,19.48,-2035799479.969,-1694944680.295
2017-04,china,5901590751.555,975786460.075,52.31,64.25830078125,2.65,12.54,4925804291.4800005,5212899660.286
2017-04,russia,713301221.686,192469566.612,52.31,64.25830078125,2.65,1.57,520831655.074,700897682.034
2017-04,usa,2007964532.449,3702909212.744,52.31,64.25830078125,2.65,19.48,-1694944680.295,-2143563307.8170002
2017-05,china,5936716171.277,723816510.991,50.33,64.61859893798828,2.65,12.54,5212899660.286,5412693713.264
2017-05,russia,869199009.932,168301327.898,50.33,64.61859893798828,2.65,1.57,700897682.034,565884124.612
2017-05,usa,1993968883.293,4137532191.11,50.33,64.61859893798828,2.65,19.48,-2143563307.8170002,-1828111580.4280002
2017-06,china,6236882829.923,824189116.659,46.37,64.78510284423828,2.65,12.54,5412693713.264,5181439167.497
2017-06,russia,742528763.681,176644639.069,46.37,64.78510284423828,2.65,1.57,565884124.612,542750691.881
2017-06,usa,1976799177.01,3804910757.438,46.37,64.78510284423828,2.65,19.48,-1828111580.4280002,-1918889438.986
2017-07,china,6007655690.8,826216523.303,48.48,64.12349700927734,2.65,12.54,5181439167.497,5544895137.240999
2017-07,russia,732563040.145,189812348.264,48.48,64.12349700927734,2.65,1.57,542750691.881,390259055.08199996
2017-07,usa,1824476091.867,3743365530.853,48.48,64.12349700927734,2.65,19.48,-1918889438.986,-1776742585.8049998
2017-08,china,6482790011.03,937894873.789,51.7,63.976200103759766,2.65,12.54,5544895137.240999,5786192737.3810005
2017-08,russia,554379561.729,164120506.647,51.7,63.976200103759766,2.65,1.57,390259055.08199996,377094174.23700005
2017-08,usa,2019909694.401,3796652280.206,51.7,63.976200103759766,2.65,19.48,-1776742585.8049998,-2645819792.3399997
2017-09,china,6934088844.717,1147896107.336,56.15,65.36000061035156,2.65,12.54,5786192737.3810005,4684066149.383
2017-09,russia,560717601.353,183623427.116,56.15,65.36000061035156,2.65,1.57,377094174.23700005,491957953.57900006
2017-09,usa,1869428618.909,4515248411.249,56.15,65.36000061035156,2.65,19.48,-2645819792.3399997,-1210188793.5959997
2017-10,china,5908906595.567,1224840446.184,57.51,64.84239959716797,2.65,12.54,4684066149.383,4884856617.195
2017-10,russia,675260992.269,183303038.69,57.51,64.84239959716797,2.65,1.57,491957953.57900006,616805332.801
2017-10,usa,2362503187.635,3572691981.231,57.51,64.84239959716797,2.65,19.48,-1210188793.5959997,-1637333392.9889998
2017-11,china,6214743116.224,1329886499.029,62.71,64.41480255126953,2.65,12.54,4884856617.195,5448642842.48
2017-11,russia,772828261.243,156022928.442,62.71,64.41480255126953,2.65,1.57,616805332.801,409009646.804
2017-11,usa,2352630672.517,3989964065.506,62.71,64.41480255126953,2.65,19.48,-1637333392.9889998,-1620199788.5680003
2017-12,china,6718376603.599,1269733761.119,64.37,63.84080123901367,2.65,12.54,5448642842.48,5778122887.135
2017-12,russia,602737380.224,193727733.42,64.37,63.84080123901367,2.65,1.57,409009646.804,446159728.2479999
2017-12,usa,2505982394.067,4126182182.635,64.37,63.84080123901367,2.65,19.48,-1620199788.5680003,-2015596691.718
2018-01,china,6847848380.984,1069725493.849,69.08,63.769901275634766,2.7,14.15,5778122887.135,5050519345.352
2018-01,russia,624729874.527,178570146.279,69.08,63.769901275634766,2.7,1.66,446159728.2479999,554017390.561
2018-01,usa,1989769543.658,4005366235.376,69.08,63.769901275634766,2.7,20.53,-2015596691.718,-1812954151.9060001
2018-02,china,6238926477.837,1188407132.485,65.32,64.91000366210938,2.7,14.15,5050519345.352,5188984722.2109995
2018-02,russia,734956441.648,180939051.087,65.32,64.91000366210938,2.7,1.66,554017390.561,677862024.404
2018-02,usa,2108454720.534,3921408872.44,65.32,64.91000366210938,2.7,20.53,-1812954151.9060001,-1992625467.2660003
2018-03,china,6773241337.386,1584256615.175,66.02,65.0698013305664,2.7,14.15,5188984722.2109995,3705481082.4440002
2018-03,russia,907024512.176,229162487.772,66.02,65.0698013305664,2.7,1.66,677862024.404,292438629.979
2018-03,usa,2591313279.577,4583938746.843,66.02,65.0698013305664,2.7,20.53,-1992625467.2660003,-1606725017.6560001
2018-04,china,4871739081.25,1166257998.806,72.11,66.61000061035156,2.7,14.15,3705481082.4440002,4782196173.356
2018-04,russia,459303120.676,166864490.697,72.11,66.61000061035156,2.7,1.66,292438629.979,461193802.3460001
2018-04,usa,2507476031.941,4114201049.597,72.11,66.61000061035156,2.7,20.53,-1606725017.6560001,-1681462419.4699998
2018-05,china,6118638626.547,1336442453.191,76.98,67.43000030517578,2.7,14.15,4782196173.356,5059809316.983
2018-05,russia,625652094.886,164458292.54,76.98,67.43000030517578,2.7,1.66,461193802.3460001,303339162.348
2018-05,usa,2899300190.64,4580762610.11,76.98,67.43000030517578,2.7,20.53,-1681462419.4699998,-1006514166.1269999
2018-06,china,6372365459.416,1312556142.433,74.41,68.79669952392578,2.7,14.15,5059809316.983,4950849402.867001
2018-06,russia,476775221.167,173436058.819,74.41,68.79669952392578,2.7,1.66,303339162.348,287729625.37600005
2018-06,usa,3130108001.546,4136622167.673,74.41,68.79669952392578,2.7,20.53,-1006514166.1269999,-1410192916.2149997
2018-07,china,6094364697.241,1143515294.374,74.25,68.68499755859375,2.7,14.15,4950849402.867001,5225354307.853
2018-07,russia,503121326.045,215391700.669,74.25,68.68499755859375,2.7,1.66,287729625.37600005,53334657.497999996
2018-07,usa,2886553729.728,4296746645.943,74.25,68.68499755859375,2.7,20.53,-1410192916.2149997,-748407856.75
2018-08,china,6480862617.143,1255508309.29,72.53,71.40499877929688,2.7,14.15,5225354307.853,5063807940.034
2018-08,russia,284118337.278,230783679.78,72.53,71.40499877929688,2.7,1.66,53334657.497999996,233902125.67099997
2018-08,usa,3937143123.528,4685550980.278,72.53,71.40499877929688,2.7,20.53,-748407856.75,-1924122633.9370003
2018-09,china,6473378204.748,1409570264.714,78.89,72.51000213623047,2.7,14.15,5063807940.034,4697247258.196
2018-09,russia,416645329.03,182743203.359,78.89,72.51000213623047,2.7,1.66,233902125.67099997,318507169.164
2018-09,usa,2575381016.917,4499503650.854,78.89,72.51000213623047,2.7,20.53,-1924122633.9370003,-1870095121.8130002
2018-10,china,6191332165.566,1494084907.37,81.03,73.6500015258789,2.7,14.15,4697247258.196,3975180497.634
2018-10,russia,502170650.029,183663480.865,81.03,73.6500015258789,2.7,1.66,318507169.164,343198142.482
2018-10,usa,2698362337.091,4568457458.904,81.03,73.6500015258789,2.7,20.53,-1870095121.8130002,-909116869.2930002
2018-11,china,5771610420.433,1796429922.799,64.75,69.91999816894531,2.7,14.15,3975180497.634,3969895923.8899994
2018-11,russia,548883136.599,205684994.117,64.75,69.91999816894531,2.7,1.66,343198142.482,545843826.38
2018-11,usa,2945366225.52,3854483094.813,64.75,69.91999816894531,2.7,20.53,-909116869.2930002,-1989250838.5869994
2018-12,china,5527231562.537,1557335638.647,57.36,69.92250061035156,2.7,14.15,3969895923.8899994,4999751289.979
2018-12,russia,766358422.391,220514596.011,57.36,69.92250061035156,2.7,1.66,545843826.38,168562449.54
2018-12,usa,2386647233.294,4375898071.881,57.36,69.92250061035156,2.7,20.53,-1989250838.5869994,-1839491504.3829994
2019-01,china,6224258154.857,1224506864.878,59.41,71.12000274658203,2.84,14.56,4999751289.979,3825592204.3120003
2019-01,russia,375047907.473,206485457.933,59.41,71.12000274658203,2.84,1.69,168562449.54,110716425.27300003
2019-01,usa,2672049497.043,4511541001.426,59.41,71.12000274658203,2.84,21.38,-1839491504.3829994,-1482061319.0700002
2019-02,china,5122692679.253,1297100474.941,63.96,71.19000244140625,2.84,14.56,3825592204.3120003,3407319860.6850004
2019-02,russia,323836493.369,213120068.096,63.96,71.19000244140625,2.84,1.69,110716425.27300003,342428239.164
2019-02,usa,2705031094.487,4187092413.557,63.96,71.19000244140625,2.84,21.38,-1482061319.0700002,-1859552236.5099998
2019-03,china,5088949131.656,1681629270.971,66.14,69.43000030517578,2.84,14.56,3407319860.6850004,3875820646.3780003
2019-03,russia,568939854.839,226511615.675,66.14,69.43000030517578,2.84,1.69,342428239.164,645097521.17
2019-03,usa,3082339102.18,4941891338.69,66.14,69.43000030517578,2.84,21.38,-1859552236.5099998,-1005507113.276
2019-04,china,5318099833.47,1442279187.092,71.23,69.81179809570312,2.84,14.56,3875820646.3780003,4479659303.253
2019-04,russia,832551915.489,187454394.319,71.23,69.81179809570312,2.84,1.69,645097521.17,467861893.83000004
2019-04,usa,3166296280.129,4171803393.405,71.23,69.81179809570312,2.84,21.38,-1005507113.276,-1513880015.6539998
2019-05,china,6036867766.952,1557208463.699,71.32,69.9800033569336,2.84,14.56,4479659303.253,4727456542.737999
2019-05,russia,685372751.197,217510857.367,71.32,69.9800033569336,2.84,1.69,467861893.83000004,320268732.65999997
2019-05,usa,3456819275.935,4970699291.589,71.32,69.9800033569336,2.84,21.38,-1513880015.6539998,-1122599022.027
2019-06,china,5907801405.921,1180344863.183,64.22,69.32499694824219,2.84,14.56,4727456542.737999,4768775955.373
2019-06,russia,537949108.584,217680375.924,64.22,69.32499694824219,2.84,1.69,320268732.65999997,351523466.58800006
2019-06,usa,3167789947.715,4290388969.742,64.22,69.32499694824219,2.84,21.38,-1122599022.027,-1620408726.572
2019-07,china,6187021476.51,1418245521.137,63.92,69.07749938964844,2.84,14.56,4768775955.373,4862015313.258
2019-07,russia,604748682.549,253225215.961,63.92,69.07749938964844,2.84,1.69,351523466.58800006,221526217.407
2019-07,usa,2905583671.902,4525992398.474,63.92,69.07749938964844,2.84,21.38,-1620408726.572,-1686410559.1599994
2019-08,china,6372964802.661,1510949489.403,59.04,71.6801986694336,2.84,14.56,4862015313.258,5047701137.136
2019-08,russia,490754885.281,269228667.874,59.04,71.6801986694336,2.84,1.69,221526217.407,100313041.90100002
2019-08,usa,2872308640.464,4558719199.624,59.04,71.6801986694336,2.84,21.38,-1686410559.1599994,-1646118467.6610003
2019-09,china,6441890929.721,1394189792.585,62.83,70.49870300292969,2.84,14.56,5047701137.136,4025914650.399
2019-09,russia,336490101.526,236177059.625,62.83,70.49870300292969,2.84,1.69,100313041.90100002,193079769.61400002
2019-09,usa,2782975707.201,4429094174.862,62.83,70.49870300292969,2.84,21.38,-1646118467.6610003,-1903243456.3390002
2019-10,china,5505303984.193,1479389333.794,59.71,70.98999786376953,2.84,14.56,4025914650.399,3505932657.543
2019-10,russia,484891283.833,291811514.219,59.71,70.98999786376953,2.84,1.69,193079769.61400002,184650292.064
2019-10,usa,2755352340.744,4658595797.083,59.71,70.98999786376953,2.84,21.38,-1903243456.3390002,-1540221411.934
2019-11,china,5128382969.477,1622450311.934,63.21,71.72200012207031,2.84,14.56,3505932657.543,3546072744.3820004
2019-11,russia,480387973.441,295737681.377,63.21,71.72200012207031,2.84,1.69,184650292.064,263955354.577
2019-11,usa,2788272105.262,4328493517.196,63.21,71.72200012207031,2.84,21.38,-1540221411.934,-2133900562.2519994
2019-12,china,5011418508.501,1465345764.119,67.31,71.31099700927734,2.84,14.56,3546072744.3820004,4516616259.593
2019-12,russia,517134406.783,253179052.206,67.31,71.31099700927734,2.84,1.69,263955354.577,776725476.972
2019-12,usa,2571220173.82,4705120736.072,67.31,71.31099700927734,2.84,21.38,-2133900562.2519994,-1597855532.2079997
2020-01,china,6021942976.04,1505326716.447,63.65,71.63999938964844,2.67,15.0,4516616259.593,3324378418.1260004
2020-01,russia,1005112260.35,228386783.378,63.65,71.63999938964844,2.67,1.49,776725476.972,63646232.703999996
2020-01,usa,2851072244.405,4448927776.613,63.65,71.63999938964844,2.67,21.06,-1597855532.2079997,-1654743883.9539995
2020-02,china,4443011881.453,1118633463.327,55.66,72.1500015258789,2.67,15.0,3324378418.1260004,1815587327.499
2020-02,russia,336358210.278,272711977.574,55.66,72.1500015258789,2.67,1.49,63646232.703999996,594363722.308
2020-02,usa,3042873082.807,4697616966.761,55.66,72.1500015258789,2.67,21.06,-1654743883.9539995,-1698716147.667
2020-03,china,2881302699.532,1065715372.033,32.01,75.4000015258789,2.67,15.0,1815587327.499,1896522749.7309997
2020-03,russia,782147733.346,187784011.038,32.01,75.4000015258789,2.67,1.49,594363722.308,263113648.87199998
2020-03,usa,2061097052.358,3759813200.025,32.01,75.4000015258789,2.67,21.06,-1698716147.667,-53935102.64499998
2020-04,china,3032549349.569,1136026599.838,18.38,75.25849914550781,2.67,15.0,1896522749.7309997,2363754394.964
2020-04,russia,357711757.377,94598108.505,18.38,75.25849914550781,2.67,1.49,263113648.87199998,107557272.07100001
2020-04,usa,1417449950.862,1471385053.507,18.38,75.25849914550781,2.67,21.06,-53935102.64499998,-889249426.3079998
2020-05,china,4665318199.791,2301563804.827,29.38,75.51319885253906,2.67,15.0,2363754394.964,1224643039.972
2020-05,russia,268813949.495,161256677.424,29.38,75.51319885253906,2.67,1.49,107557272.07100001,231921646.56599998
2020-05,usa,2012565029.076,2901814455.384,29.38,75.51319885253906,2.67,21.06,-889249426.3079998,-1997228536.1210003
2020-06,china,3324387992.147,2099744952.175,40.27,75.69999694824219,2.67,15.0,1224643039.972,3838301907.2159996
2020-06,russia,412812670.612,180891024.046,40.27,75.69999694824219,2.67,1.49,231921646.56599998,403480613.2850001
2020-06,usa,1825961756.856,3823190292.977,40.27,75.69999694824219,2.67,21.06,-1997228536.1210003,-2279133809.698
2020-07,china,5580463483.759,1742161576.543,43.24,74.98999786376953,2.67,15.0,3838301907.2159996,3305578167.1400003
2020-07,russia,643390661.2,239910047.915,43.24,74.98999786376953,2.67,1.49,403480613.2850001,203143895.701
2020-07,usa,2137618057.085,4416751866.783,43.24,74.98999786376953,2.67,21.06,-2279133809.698,-1880896133.632
2020-08,china,4984604725.979,1679026558.839,44.74,73.12830352783203,2.67,15.0,3305578167.1400003,4139715874.908
2020-08,russia,420271068.435,217127172.734,44.74,73.12830352783203,2.67,1.49,203143895.701,131472437.01300001
2020-08,usa,2382353400.172,4263249533.804,44.74,73.12830352783203,2.67,21.06,-1880896133.632,-3370075941.8720007
2020-09,china,5786037241.838,1646321366.93,40.91,73.84500122070312,2.67,15.0,4139715874.908,4663457457.774
2020-09,russia,383040365.818,251567928.805,40.91,73.84500122070312,2.67,1.49,131472437.01300001,249223164.11299998
2020-09,usa,1848326394.346,5218402336.218,40.91,73.84500122070312,2.67,21.06,-3370075941.8720007,-2738326896.2679996
2020-10,china,6150281618.621,1486824160.847,40.19,74.26399993896484,2.67,15.0,4663457457.774,3773635174.08
2020-10,russia,461814822.863,212591658.75,40.19,74.26399993896484,2.67,1.49,249223164.11299998,12225119.419
2020-10,usa,2132774609.246,4871101505.514,40.19,74.26399993896484,2.67,21.06,-2738326896.2679996,-2164975732.097
2020-11,china,5288851826.224,1515216652.144,42.69,73.94090270996094,2.67,15.0,3773635174.08,4916621389.958
2020-11,russia,254354987.063,242129867.644,42.69,73.94090270996094,2.67,1.49,12225119.419,337966176.683
2020-11,usa,2396540097.224,4561515829.321,42.69,73.94090270996094,2.67,21.06,-2164975732.097,-2415056961.2980003
2020-12,china,6538422779.982,1621801390.024,49.99,73.13400268554688,2.67,15.0,4916621389.958,5124971803.486
2020-12,russia,608917757.179,270951580.496,49.99,73.13400268554688,2.67,1.49,337966176.683,325680509.725
2020-12,usa,2482887612.269,4897944573.567,49.99,73.13400268554688,2.67,21.06,-2415056961.2980003,-2025227191.96
2021-01,china,6683258365.054,1558286561.568,54.77,72.90660095214844,3.17,18.2,5124971803.486,4606183680.244
2021-01,russia,554794483.866,229113974.141,54.77,72.90660095214844,3.17,1.83,325680509.725,213148845.778
2021-01,usa,2945154872.634,4970382064.594,54.77,72.90660095214844,3.17,23.32,-2025227191.96,-1583337994.3639998
2021-02,china,6321468814.88,1715285134.636,62.28,73.59590148925781,3.17,18.2,4606183680.244,4195176612.319
2021-02,russia,500231880.914,287083035.136,62.28,73.59590148925781,3.17,1.83,213148845.778,348023945.51400006
2021-02,usa,3221739767.166,4805077761.53,62.28,73.59590148925781,3.17,23.32,-1583337994.3639998,-1765272250.06
2021-03,china,6845351672.646,2650175060.327,65.41,73.44529724121094,3.17,18.2,4195176612.319,4222796532.4140005
2021-03,russia,616781978.919,268758033.405,65.41,73.44529724121094,3.17,1.83,348023945.51400006,456187632.47599995
2021-03,usa,3910367647.838,5675639897.898,65.41,73.44529724121094,3.17,23.32,-1765272250.06,-2251259610.0179996
2021-04,china,6513165952.633,2290369420.219,64.81,74.10579681396484,3.17,18.2,4222796532.4140005,4969510708.868
2021-04,russia,691217754.499,235030122.023,64.81,74.10579681396484,3.17,1.83,456187632.47599995,477724245.34999996
2021-04,usa,3179778406.951,5431038016.969,64.81,74.10579681396484,3.17,23.32,-2251259610.0179996,-2271551858.738
2021-05,china,7127322152.67,2157811443.802,68.53,72.39350128173828,3.17,18.2,4969510708.868,4682812836.469999
2021-05,russia,693714095.979,215989850.629,68.53,72.39350128173828,3.17,1.83,477724245.34999996,362109891.48399997
2021-05,usa,3176802550.082,5448354408.82,68.53,72.39350128173828,3.17,23.32,-2271551858.738,-2239496834.267
2021-06,china,6980944656.672,2298131820.202,73.16,74.28759765625,3.17,18.2,4682812836.469999,4893649729.552
2021-06,russia,611423980.089,249314088.605,73.16,74.28759765625,3.17,1.83,362109891.48399997,317423457.475
2021-06,usa,3478642627.309,5718139461.576,73.16,74.28759765625,3.17,23.32,-2239496834.267,-3473274305.062
2021-07,china,7036408485.983,2142758756.431,75.17,74.25199890136719,3.17,18.2,4893649729.552,4779998563.054
2021-07,russia,638289468.376,320866010.901,75.17,74.25199890136719,3.17,1.83,317423457.475,414328445.684
2021-07,usa,3311133777.569,6784408082.631,75.17,74.25199890136719,3.17,23.32,-3473274305.062,-3166457449.337
2021-08,china,6480183090.351,1700184527.297,70.61,73.41120147705078,3.17,18.2,4779998563.054,6503689559.825001
2021-08,russia,706631760.839,292303315.155,70.61,73.41120147705078,3.17,1.83,414328445.684,844450052.1689999
2021-08,usa,3265849185.672,6432306635.009,70.61,73.41120147705078,3.17,23.32,-3166457449.337,-2497758831.2979994
2021-09,china,8177895835.569,1674206275.744,74.49,74.3219985961914,3.17,18.2,6503689559.825001,6867396500.935
2021-09,russia,1129026463.978,284576411.809,74.49,74.3219985961914,3.17,1.83,844450052.1689999,487381580.41099995
2021-09,usa,3844708635.524,6342467466.822,74.49,74.3219985961914,3.17,23.32,-2497758831.2979994,-3484358375.0369997
2021-10,china,8672941491.913,1805544990.978,83.54,74.79720306396484,3.17,18.2,6867396500.935,6487880087.886999
2021-10,russia,757385992.925,270004412.514,83.54,74.79720306396484,3.17,1.83,487381580.41099995,504480109.982
2021-10,usa,3793647589.979,7278005965.016,83.54,74.79720306396484,3.17,23.32,-3484358375.0369997,-2448554724.858
2021-11,china,8031014818.242,1543134730.355,81.05,75.05490112304688,3.17,18.2,6487880087.886999,7083274421.818999
2021-11,russia,823035201.5,318555091.518,81.05,75.05490112304688,3.17,1.83,504480109.982,601780636.441
2021-11,usa,3251453252.783,5700007977.641,81.05,75.05490112304688,3.17,23.32,-2448554724.858,-2855877399.131
2021-12,china,8599668576.991,1516394155.172,74.17,74.43119812011719,3.17,18.2,7083274421.818999,7720422339.103001
2021-12,russia,961503093.566,359722457.125,74.17,74.43119812011719,3.17,1.83,601780636.441,821963711.785
2021-12,usa,3995731578.794,6851608977.925,74.17,74.43119812011719,3.17,23.32,-2855877399.131,-3396196111.751
2022-01,china,8994244925.516,1273822586.413,86.51,75.03900146484375,3.35,18.32,7720422339.103001,7100859759.587
2022-01,russia,1129638045.415,307674333.63,86.51,75.03900146484375,3.35,2.29,821963711.785,505834588.5130001
2022-01,usa,3106948879.581,6503144991.332,86.51,75.03900146484375,3.35,25.6,-3396196111.751,-1968685675.3770003
2022-02,china,8507841933.6,1406982174.013,97.13,75.06800079345703,3.35,18.32,7100859759.587,7583257343.922001
2022-02,russia,830843176.853,325008588.34,97.13,75.06800079345703,3.35,2.29,505834588.5130001,1249813887.054
2022-02,usa,4211570402.706,6180256078.083,97.13,75.06800079345703,3.35,25.6,-1968685675.3770003,-2918958427.6639996
2022-03,china,9031672555.728,1448415211.806,117.25,75.82779693603516,3.35,18.32,7583257343.922001,6404598387.243
2022-03,russia,1328906435.376,79092548.322,117.25,75.82779693603516,3.35,2.29,1249813887.054,2233888761.8069997
2022-03,usa,4797111137.114,7716069564.778,117.25,75.82779693603516,3.35,25.6,-2918958427.6639996,-2854463019.6990004
2022-04,china,7860388452.059,1455790064.816,104.58,76.58899688720703,3.35,18.32,6404598387.243,5910702838.323
2022-04,russia,2330251141.739,96362379.932,104.58,76.58899688720703,3.35,2.29,2233888761.8069997,2553995333.094
2022-04,usa,4305725504.184,7160188523.883,104.58,76.58899688720703,3.35,25.6,-2854463019.6990004,-2824963537.6549997
2022-05,china,7527040018.622,1616337180.299,113.34,77.5208969116211,3.35,18.32,5910702838.323,7252630824.175
2022-05,russia,2702676610.321,148681277.227,113.34,77.5208969116211,3.35,2.29,2553995333.094,4043289888.75
2022-05,usa,4418074127.871,7243037665.526,113.34,77.5208969116211,3.35,25.6,-2824963537.6549997,-2640080392.0629997
2022-06,china,8828472420.257,1575841596.082,122.71,78.89830017089844,3.35,18.32,7252630824.175,8962178262.738
2022-06,russia,4233832049.959,190542161.209,122.71,78.89830017089844,3.35,2.29,4043289888.75,3951091100.52
2022-06,usa,4736043746.168,7376124138.231,122.71,78.89830017089844,3.35,25.6,-2640080392.0629997,-2473559871.891
2022-07,china,10228437947.419,1266259684.681,111.93,79.57150268554688,3.35,18.32,8962178262.738,8513661951.014001
2022-07,russia,4229788409.953,278697309.433,111.93,79.57150268554688,3.35,2.29,3951091100.52,4043866448.4690003
2022-07,usa,4353424303.752,6826984175.643,111.93,79.57150268554688,3.35,25.6,-2473559871.891,-1995158142.3260002
2022-08,china,9419372234.943,905710283.929,100.45,79.68229675292969,3.35,18.32,8513661951.014001,7438701608.734
2022-08,russia,4322248001.864,278381553.395,100.45,79.68229675292969,3.35,2.29,4043866448.4690003,4661022660.639
2022-08,usa,4745334232.788,6740492375.114,100.45,79.68229675292969,3.35,25.6,-1995158142.3260002,-2390521100.357
2022-09,china,8446324786.135,1007623177.401,89.76,81.48059844970703,3.35,18.32,7438701608.734,6845005133.938
2022-09,russia,4958569085.117,297546424.478,89.76,81.48059844970703,3.35,2.29,4661022660.639,4415714703.414
2022-09,usa,3963905279.654,6354426380.011,89.76,81.48059844970703,3.35,25.6,-2390521100.357,-1963078670.4529996
2022-10,china,7852787486.634,1007782352.696,93.33,82.23919677734375,3.35,18.32,6845005133.938,6591462466.030001
2022-10,russia,4695740972.611,280026269.197,93.33,82.23919677734375,3.35,2.29,4415714703.414,4336354165.3550005
2022-10,usa,3754948094.57,5718026765.023,93.33,82.23919677734375,3.35,25.6,-1963078670.4529996,-1576090991.5650005
2022-11,china,7644677129.583,1053214663.553,91.42,81.63089752197266,3.35,18.32,6591462466.030001,6829016858.294
2022-11,russia,4637961958.682,301607793.327,91.42,81.63089752197266,3.35,2.29,4336354165.3550005,4324936399.686999
2022-11,usa,4366888788.238,5942979779.803,91.42,81.63089752197266,3.35,25.6,-1576090991.5650005,-1618422756.37
2022-12,china,7956092652.551,1127075794.257,80.92,82.739501953125,3.35,18.32,6829016858.294,8063040874.867001
2022-12,russia,4653311303.841,328374904.154,80.92,82.739501953125,3.35,2.29,4324936399.686999,5239029031.457
2022-12,usa,4947080781.026,6565503537.396,80.92,82.739501953125,3.35,25.6,-1618422756.37,-2004610501.2440004
2023-01,china,9218437198.027,1155396323.16,82.5,81.57990264892578,3.64,18.27,8063040874.867001,6802487524.599
2023-01,russia,5521319007.877,282289976.42,82.5,81.57990264892578,3.64,2.07,5239029031.457,5311538666.331
2023-01,usa,3866102134.101,5870712635.345,82.5,81.57990264892578,3.64,27.29,-2004610501.2440004,-2986577964.18
2023-02,china,8234245065.518,1431757540.919,82.59,82.6520004272461,3.64,18.27,6802487524.599,7941875547.035999
2023-02,russia,5637561258.894,326022592.563,82.59,82.6520004272461,3.64,2.07,5311538666.331,5841318571.004
2023-02,usa,2898881128.725,5885459092.905,82.59,82.6520004272461,3.64,27.29,-2986577964.18,-3569171455.292
2023-03,china,9650175638.674,1708300091.638,78.43,82.10050201416016,3.64,18.27,7941875547.035999,7535940173.908
2023-03,russia,6179734992.464,338416421.46,78.43,82.10050201416016,3.64,2.07,5841318571.004,4436805038.4609995
2023-03,usa,3603541476.903,7172712932.195,78.43,82.10050201416016,3.64,27.29,-3569171455.292,-3118784664.5709996
2023-04,china,8924983074.84,1389042900.932,84.64,81.74539947509766,3.64,18.27,7535940173.908,8728533667.031
2023-04,russia,4773837675.353,337032636.892,84.64,81.74539947509766,3.64,2.07,4436805038.4609995,6396451391.801
2023-04,usa,2789985304.306,5908769968.877,84.64,81.74539947509766,3.64,27.29,-3118784664.5709996,-2980704790.987
2023-05,china,10013607369.047,1285073702.016,75.47,82.68389892578125,3.64,18.27,8728533667.031,8501338659.125001
2023-05,russia,6695676932.365,299225540.564,75.47,82.68389892578125,3.64,2.07,6396451391.801,5255602848.718
2023-05,usa,3608266182.494,6588970973.481,75.47,82.68389892578125,3.64,27.29,-2980704790.987,-2730181054.1010003
2023-06,china,9693648278.245,1192309619.12,74.84,82.07540130615234,3.64,18.27,8501338659.125001,10117859268.095
2023-06,russia,5581099713.27,325496864.552,74.84,82.07540130615234,3.64,2.07,5255602848.718,4708981127.04
2023-06,usa,3620838145.067,6351019199.168,74.84,82.07540130615234,3.64,27.29,-2730181054.1010003,-2565289745.43
2023-07,china,11286161700.809,1168302432.714,80.11,82.25279998779297,3.64,18.27,10117859268.095,10874686283.684
2023-07,russia,5064592479.981,355611352.941,80.11,82.25279998779297,3.64,2.07,4708981127.04,5843142607.575
2023-07,usa,3805469122.105,6370758867.535,80.11,82.25279998779297,3.64,27.29,-2565289745.43,-2730643825.841
2023-08,china,12168584339.75,1293898056.066,86.15,82.70040130615234,3.64,18.27,10874686283.684,9310376177.284
2023-08,russia,6192639918.045,349497310.47,86.15,82.70040130615234,3.64,2.07,5843142607.575,4826950035.564
2023-08,usa,4279538242.298,7010182068.139,86.15,82.70040130615234,3.64,27.29,-2730643825.841,-2540411093.016
2023-09,china,10607520813.19,1297144635.906,93.72,83.19300079345703,3.64,18.27,9310376177.284,10447768218.309
2023-09,russia,5144996609.162,318046573.598,93.72,83.19300079345703,3.64,2.07,4826950035.564,5729289502.147
2023-09,usa,3547001350.057,6087412443.073,93.72,83.19300079345703,3.64,27.29,-2540411093.016,-2790524798.034
2023-10,china,11715484289.277,1267716070.968,90.6,83.29650115966797,3.64,18.27,10447768218.309,8359665781.742001
2023-10,russia,6071118072.06,341828569.913,90.6,83.29650115966797,3.64,2.07,5729289502.147,4761823448.078
2023-10,usa,3419926745.19,6210451543.224,90.6,83.29650115966797,3.64,27.29,-2790524798.034,-2206684027.87
2023-11,china,9745597035.006,1385931253.264,82.94,83.3302993774414,3.64,18.27,8359665781.742001,9005061925.848999
2023-11,russia,5139711767.132,377888319.054,82.94,83.3302993774414,3.64,2.07,4761823448.078,4664943102.175
2023-11,usa,3660270143.443,5866954171.313,82.94,83.3302993774414,3.64,27.29,-2206684027.87,-3462986319.8090005
2023-12,china,10671502932.941,1666441007.092,77.63,82.302001953125,3.64,18.27,9005061925.848999,9165916665.736
2023-12,russia,5069732258.79,404789156.615,77.63,82.302001953125,3.64,2.07,4664943102.175,5622201813.288
2023-12,usa,3018166001.456,6481152321.265,77.63,82.302001953125,3.64,27.29,-3462986319.8090005,-3669405331.1729994
2024-01,china,10706301803.243,1540385137.507,80.12,83.10970306396484,3.91,18.74,9165916665.736,8386570443.799
2024-01,russia,5942439325.515,320237512.227,80.12,83.10970306396484,3.91,2.17,5622201813.288,4662978949.642
2024-01,usa,2413417666.418,6082822997.591,80.12,83.10970306396484,3.91,28.75,-3669405331.1729994,-4319166196.198999
2024-02,china,10007557597.636,1620987153.837,83.48,82.91190338134766,3.91,18.74,8386570443.799,7777533506.262
2024-02,russia,5053600366.398,390621416.756,83.48,82.91190338134766,3.91,2.17,4662978949.642,5548831131.882999
2024-02,usa,2859143389.306,7178309585.505,83.48,82.91190338134766,3.91,28.75,-4319166196.198999,-4567696202.841
2024-03,china,9335737879.941,1558204373.679,85.41,83.39299774169922,3.91,18.74,7777533506.262,7673273721.743001
2024-03,russia,5989897269.171,441066137.288,85.41,83.39299774169922,3.91,2.17,5548831131.882999,5189733472.073
2024-03,usa,2959775343.853,7527471546.694,85.41,83.39299774169922,3.91,28.75,-4567696202.841,-3594924130.8770003
2024-04,china,8926862063.929,1253588342.186,89.94,83.45110321044922,3.91,18.74,7673273721.743001,8417748068.625001
2024-04,russia,5595489747.154,405756275.081,89.94,83.45110321044922,3.91,2.17,5189733472.073,7267096351.425
2024-04,usa,3027651171.687,6622575302.564,89.94,83.45110321044922,3.91,28.75,-3594924130.8770003,-4196632902.033
2024-05,china,9734321527.471,1316573458.846,81.75,83.3208999633789,3.91,18.74,8417748068.625001,9301056189.409
2024-05,russia,7692531659.479,425435308.054,81.75,83.3208999633789,3.91,2.17,7267096351.425,5605828510.3949995
2024-05,usa,3367774568.189,7564407470.222,81.75,83.3208999633789,3.91,28.75,-4196632902.033,-3011366483.41
2024-06,china,10479479116.393,1178422926.984,82.25,83.45089721679688,3.91,18.74,9301056189.409,10630660507.201
2024-06,russia,6080695811.072,474867300.677,82.25,83.45089721679688,3.91,2.17,5605828510.3949995,5426932819.453
2024-06,usa,3713958967.023,6725325450.433,82.25,83.45089721679688,3.91,28.75,-3011366483.41,-3022130048.237
2024-07,china,11690684696.002,1060024188.801,85.15,83.73899841308594,3.91,18.74,10630660507.201,11920098239.862999
2024-07,russia,5861485843.663,434553024.21,85.15,83.73899841308594,3.91,2.17,5426932819.453,3435631785.417
2024-07,usa,3547146177.331,6569276225.568,85.15,83.73899841308594,3.91,28.75,-3022130048.237,-3011719018.9269996
2024-08,china,12918917776.47,998819536.607,80.36,83.89510345458984,3.91,18.74,11920098239.862999,10338425690.497
2024-08,russia,3941044640.614,505412855.197,80.36,83.89510345458984,3.91,2.17,3435631785.417,4825230440.119
2024-08,usa,3504700564.716,6516419583.643,80.36,83.89510345458984,3.91,28.75,-3011719018.9269996,-2902758287.6150002
2024-09,china,11452679819.518,1114254129.021,74.02,83.71640014648438,3.91,18.74,10338425690.497,10593537981.929
2024-09,russia,5189418928.524,364188488.405,74.02,83.71640014648438,3.91,2.17,4825230440.119,6689851489.966
2024-09,usa,3486414999.444,6389173287.059,74.02,83.71640014648438,3.91,28.75,-2902758287.6150002,-3300658362.086
2024-10,china,11732694555.798,1139156573.869,75.63,84.08910369873047,3.91,18.74,10593537981.929,9214454001.039999
2024-10,russia,7124070569.921,434219079.955,75.63,84.08910369873047,3.91,2.17,6689851489.966,5147641903.809999
2024-10,usa,3576446079.228,6877104441.314,75.63,84.08910369873047,3.91,28.75,-3300658362.086,-2209064303.6570005
2024-11,china,10368039043.196,1153585042.156,74.35,84.56189727783203,3.91,18.74,9214454001.039999,10352086715.784
2024-11,russia,5451948182.823,304306279.013,74.35,84.56189727783203,3.91,2.17,5147641903.809999,3900844497.5729995
2024-11,usa,3462292394.2,5671356697.857,74.35,84.56189727783203,3.91,28.75,-2209064303.6570005,-3322039797.38
2024-12,china,11562343772.32,1210257056.536,73.86,85.7865982055664,3.91,18.74,10352086715.784,11607392406.104
2024-12,russia,4317649325.459,416804827.886,73.86,85.7865982055664,3.91,2.17,3900844497.5729995,4601140426.653999
2024-12,usa,3660150242.394,6982190039.774,73.86,85.7865982055664,3.91,28.75,-3322039797.38,-5055799971.466999
2025-01,china,12649919605.355,1042527199.251,79.27,86.64700317382812,4.19,19.4,11607392406.104,9289306243.980999
2025-01,russia,4925524313.261,324383886.607,79.27,86.64700317382812,4.19,2.54,4601140426.653999,3720029242.7450004
2025-01,usa,3335837051.73,8391637023.197,79.27,86.64700317382812,4.19,30.62,-5055799971.466999,-4702688786.594
2025-02,china,10553079904.268,1263773660.287,75.44,87.3270034790039,4.19,19.4,9289306243.980999,10128918196.666
2025-02,russia,4053861369.432,333832126.687,75.44,87.3270034790039,4.19,2.54,3720029242.7450004,5495614295.003
2025-02,usa,3217430267.534,7920119054.128,75.44,87.3270034790039,4.19,30.62,-4702688786.594,-6375876492.584999
2025-03,china,11640527315.971,1511609119.305,72.73,85.53880310058594,4.19,19.4,10128918196.666,10378986701.841
2025-03,russia,5947970847.729,452356552.726,72.73,85.53880310058594,4.19,2.54,5495614295.003,6136994586.073999
2025-03,usa,3786361441.204,10162237933.789,72.73,85.53880310058594,4.19,30.62,-6375876492.584999,-3238475488.9659996
2025-04,china,11774566560.274,1395579858.433,68.13,85.1707992553711,4.19,19.4,10378986701.841,10643522951.611
2025-04,russia,6508134549.084,371139963.01,68.13,85.1707992553711,4.19,2.54,6136994586.073999,5640069900.806999
2025-04,usa,5194943686.482,8433419175.448,68.13,85.1707992553711,4.19,30.62,-3238475488.9659996,-5372540577.723999
2025-05,china,12276621326.768,1633098375.157,64.45,85.5156021118164,4.19,19.4,10643522951.611,9847422229.786
2025-05,russia,6014753278.907,374683378.1,64.45,85.5156021118164,4.19,2.54,5640069900.806999,4935869914.715
2025-05,usa,3473833471.221,8846374048.945,64.45,85.5156021118164,4.19,30.62,-5372540577.723999,-4582022904.597
2025-06,china,11223914192.883,1376491963.097,71.44,85.4552993774414,4.19,19.4,9847422229.786,11889717214.677
2025-06,russia,5251885615.752,316015701.037,71.44,85.4552993774414,4.19,2.54,4935869914.715,4761915620.828
2025-06,usa,3729338300.739,8311361205.336,71.44,85.4552993774414,4.19,30.62,-4582022904.597,-3505865959.4709997
2025-07,china,13230700146.205,1340982931.528,71.04,87.714599609375,4.19,19.4,11889717214.677,11836297059.254
2025-07,russia,5164164312.393,402248691.565,71.04,87.714599609375,4.19,2.54,4761915620.828,4722229313.915001
2025-07,usa,4503318522.854,8009184482.325,71.04,87.714599609375,4.19,30.62,-3505865959.4709997,-3466681686.4960003
2025-08,china,13050298023.917,1214000964.663,67.87,88.16699981689453,4.19,19.4,11836297059.254,12252217774.435001
2025-08,russia,5098342118.145,376112804.23,67.87,88.16699981689453,4.19,2.54,4722229313.915001,4672523011.842
2025-08,usa,3409184599.639,6875866286.135,67.87,88.16699981689453,4.19,30.62,-3466681686.4960003,-1659958601.9110003
2025-09,china,13712186378.721,1459968604.286,67.99,88.70449829101562,4.19,19.4,12252217774.435001,
2025-09,russia,5077644538.03,405121526.188,67.99,88.70449829101562,4.19,2.54,4672523011.842,
2025-09,usa,3815067002.356,5475025604.267,67.99,88.70449829101562,4.19,30.62,-1659958601.9110003,
